"","OTU","Size","taxonomy"
"1","Otu001",6189,"k__Fungi;p__Ascomycota;c__Sordariomycetes;o__Hypocreales;f__Nectriaceae;g__Gibberella;s__Gibberella_tricincta;"
"2","Otu002",5038,"k__Fungi;p__Ascomycota;c__Sordariomycetes;o__Xylariales;f__Xylariales_fam_Incertae_sedis;g__Microdochium;s__Microdochium_bolleyi;"
"3","Otu003",1532,"k__Fungi;unclassified;unclassified;unclassified;unclassified;unclassified;unclassified;"
"4","Otu004",2614,"k__Fungi;p__Ascomycota;c__Leotiomycetes;o__Helotiales;f__Helotiales_fam_Incertae_sedis;g__Tetracladium;unclassified;"
"5","Otu005",2551,"k__Fungi;p__Ascomycota;c__Dothideomycetes;o__Pleosporales;f__Phaeosphaeriaceae;g__Stagonospora;s__Stagonospora_pseudopaludosa;"
"6","Otu006",2171,"k__Fungi;p__Ascomycota;c__Leotiomycetes;o__Helotiales;f__Helotiales_fam_Incertae_sedis;g__Cadophora;s__Cadophora_luteo-olivacea;"
"7","Otu007",2144,"k__Fungi;p__Ascomycota;c__Dothideomycetes;o__Pleosporales;unclassified;unclassified;unclassified;"
"8","Otu008",798,"k__Fungi;p__unclassified_Fungi;c__unclassified_Fungi;o__unclassified_Fungi;f__unclassified_Fungi;g__unclassified_Fungi;s__Fungi_sp;"
"9","Otu009",1783,"k__Fungi;p__Ascomycota;c__Leotiomycetes;o__Helotiales;f__Helotiales_fam_Incertae_sedis;g__Tetracladium;s__Tetracladium_maxilliforme;"
"10","Otu010",1002,"k__Fungi;p__Ascomycota;c__Sordariomycetes;o__Hypocreales;f__Hypocreales_fam_Incertae_sedis;g__Ilyonectria;s__Ilyonectria_robusta;"
"11","Otu011",2009,"k__Fungi;p__Ascomycota;c__Sordariomycetes;o__Hypocreales;f__Hypocreales_fam_Incertae_sedis;g__Ilyonectria;unclassified;"
"12","Otu012",1308,"k__Fungi;p__Ascomycota;c__Leotiomycetes;o__Helotiales;f__Helotiales_fam_Incertae_sedis;g__Tetracladium;s__Tetracladium_marchalianum;"
"13","Otu013",1433,"k__Fungi;p__Ascomycota;c__Dothideomycetes;o__Pleosporales;f__Phaeosphaeriaceae;g__Stagonospora;s__Stagonospora_pseudovitensis;"
"14","Otu014",1092,"k__Fungi;p__Ascomycota;c__Dothideomycetes;o__Pleosporales;f__Massarinaceae;g__Saccharicola;unclassified;"
"15","Otu015",1244,"k__Fungi;p__Ascomycota;c__Sordariomycetes;o__Hypocreales;f__Nectriaceae;g__Fusarium;s__Fusarium_langsethiae;"
"16","Otu016",1093,"k__Fungi;p__Ascomycota;c__Sordariomycetes;o__Hypocreales;f__Hypocreales_fam_Incertae_sedis;g__Ilyonectria;s__Ilyonectria_macrodidyma;"
"17","Otu017",1079,"k__Fungi;p__Ascomycota;c__Leotiomycetes;o__Helotiales;f__Helotiales_fam_Incertae_sedis;g__Cadophora;unclassified;"
"18","Otu018",1267,"k__Fungi;p__Ascomycota;c__Sordariomycetes;o__Xylariales;f__Xylariales_fam_Incertae_sedis;unclassified;unclassified;"
"19","Otu019",709,"k__Fungi;p__Ascomycota;unclassified;unclassified;unclassified;unclassified;unclassified;"
"20","Otu020",755,"k__Fungi;p__Ascomycota;c__Leotiomycetes;o__Helotiales;f__Helotiaceae;g__Neobulgaria;s__Neobulgaria_sp;"
"21","Otu021",493,"k__Fungi;p__Ascomycota;c__Sordariomycetes;unclassified;unclassified;unclassified;unclassified;"
"22","Otu022",828,"k__Fungi;p__Ascomycota;c__Dothideomycetes;o__Pleosporales;f__Massarinaceae;g__Saccharicola;s__Saccharicola_sp;"
"23","Otu023",746,"k__Fungi;p__Ascomycota;c__Sordariomycetes;o__Xylariales;f__Xylariales_fam_Incertae_sedis;g__Monographella;s__Monographella_cucumerina;"
"24","Otu024",544,"k__Fungi;p__Ascomycota;c__Pezizomycotina_cls_Incertae_sedis;o__Pezizomycotina_ord_Incertae_sedis;f__Pseudeurotiaceae;g__Pseudeurotium;s__Pseudeurotium_hygrophilum;"
"25","Otu025",606,"k__Fungi;p__Ascomycota;c__Dothideomycetes;o__Pleosporales;f__Pleosporales_fam_Incertae_sedis;unclassified;unclassified;"
"26","Otu026",682,"k__Fungi;p__Ascomycota;c__Leotiomycetes;o__Helotiales;unclassified;unclassified;unclassified;"
"27","Otu027",401,"k__Fungi;p__Ascomycota;c__Dothideomycetes;o__Pleosporales;f__Phaeosphaeriaceae;unclassified;unclassified;"
"28","Otu028",512,"k__Fungi;p__Basidiomycota;c__Tremellomycetes;o__Tremellales;f__Tremellales_fam_Incertae_sedis;g__Cryptococcus;s__Cryptococcus_victoriae;"
"29","Otu029",507,"k__Fungi;p__Ascomycota;c__Sordariomycetes;o__Sordariales;f__Lasiosphaeriaceae;unclassified;unclassified;"
"30","Otu030",369,"k__Fungi;p__Ascomycota;c__Sordariomycetes;o__Sordariales;f__Lasiosphaeriaceae;g__Podospora;s__Podospora_curvicolla;"
"31","Otu031",379,"k__Fungi;p__Ascomycota;c__Leotiomycetes;o__Helotiales;f__Hyaloscyphaceae;g__Cistella;s__Cistella_albidolutea;"
"32","Otu032",398,"k__Fungi;p__Ascomycota;c__Dothideomycetes;o__Pleosporales;f__Leptosphaeriaceae;unclassified;unclassified;"
"33","Otu033",519,"k__Fungi;p__Ascomycota;c__Sordariomycetes;o__Hypocreales;f__Nectriaceae;g__Gibberella;s__Gibberella_intricans;"
"34","Otu034",467,"k__Fungi;p__Ascomycota;c__Dothideomycetes;o__Capnodiales;f__Mycosphaerellaceae;g__Mycosphaerella;s__Mycosphaerella_tassiana;"
"35","Otu035",370,"k__Fungi;p__Ascomycota;c__Sordariomycetes;o__Xylariales;f__Xylariales_fam_Incertae_sedis;g__unclassified_Xylariales_fam_Incertae_sedis;s__Xylariales_fam_Incertae_sedis_sp;"
"36","Otu036",385,"k__Fungi;p__Ascomycota;c__Eurotiomycetes;o__Eurotiales;f__Trichocomaceae;g__Aspergillus;s__Aspergillus_conicus;"
"37","Otu037",283,"k__Fungi;p__Zygomycota;c__Mortierellomycotina_cls_Incertae_sedis;o__Mortierellales;f__Mortierellaceae;g__Mortierella;s__Mortierella_minutissima;"
"38","Otu038",304,"k__Fungi;p__Ascomycota;c__Dothideomycetes;o__Pleosporales;f__Phaeosphaeriaceae;g__Ophiosphaerella;s__Ophiosphaerella_sp;"
"39","Otu039",315,"k__Fungi;p__Basidiomycota;c__Agaricomycetes;o__Cantharellales;f__Ceratobasidiaceae;g__Ceratobasidium;s__Ceratobasidium_sp;"
"40","Otu040",378,"k__Fungi;p__Ascomycota;c__Sordariomycetes;o__Hypocreales;f__Hypocreales_fam_Incertae_sedis;g__Acremonium;unclassified;"
"41","Otu041",285,"k__Fungi;p__Ascomycota;c__Sordariomycetes;o__Sordariales;f__Lasiosphaeriaceae;g__Apodus;s__Apodus_deciduus;"
"42","Otu042",226,"k__Fungi;p__Basidiomycota;c__Agaricomycetes;o__Agaricales;f__Psathyrellaceae;g__Coprinopsis;s__Coprinopsis_gonophylla;"
"43","Otu043",170,"k__Fungi;p__Ascomycota;c__Leotiomycetes;o__Helotiales;f__Helotiales_fam_Incertae_sedis;g__Cadophora;s__Cadophora_orchidicola;"
"44","Otu044",291,"k__Fungi;p__Ascomycota;c__Dothideomycetes;o__Pleosporales;f__Pleosporaceae;g__Alternaria;unclassified;"
"45","Otu045",255,"k__Fungi;p__Ascomycota;c__Dothideomycetes;o__Pleosporales;f__Pleosporales_fam_Incertae_sedis;g__Anguillospora;s__Anguillospora_longissima;"
"46","Otu046",149,"k__Fungi;p__Ascomycota;c__Sordariomycetes;o__Hypocreales;f__Nectriaceae;g__Fusarium;unclassified;"
"47","Otu047",223,"k__Fungi;p__Zygomycota;c__Mortierellomycotina_cls_Incertae_sedis;o__Mortierellales;f__Mortierellaceae;g__Mortierella;s__Mortierella_exigua;"
"48","Otu048",209,"k__Fungi;p__Ascomycota;c__Sordariomycetes;o__Hypocreales;f__Nectriaceae;g__Nectria;s__Nectria_ramulariae;"
"49","Otu049",129,"k__Fungi;p__Ascomycota;c__Leotiomycetes;unclassified;unclassified;unclassified;unclassified;"
"50","Otu050",165,"k__Fungi;p__Ascomycota;c__Sordariomycetes;o__Sordariales;unclassified;unclassified;unclassified;"
"51","Otu051",219,"k__Fungi;p__Ascomycota;c__Dothideomycetes;o__Pleosporales;f__Pleosporales_fam_Incertae_sedis;g__Neopeckia;s__Neopeckia_coulteri;"
"52","Otu052",116,"k__Fungi;p__Ascomycota;c__Dothideomycetes;o__Pleosporales;f__Pleosporales_fam_Incertae_sedis;g__Ascochyta;s__Ascochyta_manawaorae;"
"53","Otu053",139,"k__Fungi;p__Basidiomycota;c__Agaricomycetes;unclassified;unclassified;unclassified;unclassified;"
"54","Otu054",124,"k__Fungi;p__Ascomycota;c__Sordariomycetes;o__Sordariales;f__Lasiosphaeriaceae;g__Schizothecium;s__Schizothecium_glutinans;"
"55","Otu055",128,"k__Fungi;p__Ascomycota;c__Sordariomycetes;o__Sordariales;f__Lasiosphaeriaceae;g__Schizothecium;s__Schizothecium_carpinicola;"
"56","Otu056",126,"k__Fungi;p__Ascomycota;c__Leotiomycetes;o__Helotiales;f__Loramycetaceae;g__Loramyces;s__Loramyces_macrosporus;"
"57","Otu057",122,"k__Fungi;p__Ascomycota;c__Pezizomycetes;o__Pezizales;f__Ascobolaceae;g__unclassified_Ascobolaceae;s__Ascobolaceae_sp;"
"58","Otu058",86,"k__Fungi;p__Ascomycota;c__Leotiomycetes;o__Helotiales;f__Helotiales_fam_Incertae_sedis;g__Tetracladium;s__Tetracladium_sp;"
"59","Otu059",196,"k__Fungi;p__Ascomycota;c__Dothideomycetes;o__Dothideales;f__Dothideaceae;unclassified;unclassified;"
"60","Otu060",172,"k__Fungi;p__Ascomycota;c__Dothideomycetes;o__Pleosporales;f__Cucurbitariaceae;g__Pyrenochaetopsis;s__Pyrenochaetopsis_leptospora;"
"61","Otu061",126,"k__Fungi;p__Ascomycota;c__Sordariomycetes;o__Hypocreales;f__Hypocreales_fam_Incertae_sedis;g__Sarocladium;s__Sarocladium_strictum;"
"62","Otu062",118,"k__Fungi;p__Ascomycota;c__Sordariomycetes;o__Sordariales;f__Lasiosphaeriaceae;g__Arnium;s__Arnium_sp;"
"63","Otu063",62,"k__Fungi;p__Ascomycota;c__Leotiomycetes;o__Helotiales;f__Helotiales_fam_Incertae_sedis;unclassified;unclassified;"
"64","Otu064",143,"k__Fungi;p__Ascomycota;c__Dothideomycetes;o__Pleosporales;f__Pleosporales_fam_Incertae_sedis;g__Periconia;unclassified;"
"65","Otu065",90,"k__Fungi;p__Ascomycota;c__Dothideomycetes;o__Pleosporales;f__Pleosporaceae;g__Bipolaris;s__Bipolaris_sorokiniana;"
"66","Otu066",155,"k__Fungi;p__Basidiomycota;c__Agaricomycetes;o__Cantharellales;f__Ceratobasidiaceae;g__Ceratobasidium;s__Ceratobasidium_ramicola;"
"67","Otu067",118,"k__Fungi;p__Ascomycota;c__Saccharomycetes;o__Saccharomycetales;f__Saccharomycetales_fam_Incertae_sedis;g__Cyberlindnera;s__Cyberlindnera_saturnus;"
"68","Otu068",46,"k__Fungi;p__Ascomycota;c__Sordariomycetes;o__Hypocreales;f__Nectriaceae;unclassified;unclassified;"
"69","Otu069",66,"k__Fungi;p__Basidiomycota;c__Tremellomycetes;o__Filobasidiales;f__Piskurozymaceae;g__Solicoccozyma;s__Solicoccozyma_keelungensis;"
"70","Otu070",72,"k__Fungi;p__Basidiomycota;c__Tremellomycetes;o__Tremellales;f__Tremellales_fam_Incertae_sedis;unclassified;unclassified;"
"71","Otu071",76,"k__Fungi;p__Ascomycota;c__Sordariomycetes;o__Hypocreales;f__Hypocreales_fam_Incertae_sedis;g__Acremonium;s__Acremonium_curvulum;"
"72","Otu072",45,"k__Fungi;p__Ascomycota;c__Sordariomycetes;o__Sordariales;f__Lasiosphaeriaceae;g__Zopfiella;unclassified;"
"73","Otu073",57,"k__Fungi;p__Ascomycota;c__Leotiomycetes;o__Helotiales;f__Hyaloscyphaceae;g__Cistella;unclassified;"
"74","Otu074",66,"k__Fungi;p__Ascomycota;c__Eurotiomycetes;o__Chaetothyriales;f__Herpotrichiellaceae;g__Exophiala;s__Exophiala_lacus;"
"75","Otu075",63,"k__Fungi;p__Ascomycota;c__Leotiomycetes;o__Helotiales;f__Hyaloscyphaceae;g__Microscypha;s__Microscypha_sp;"
"76","Otu076",112,"k__Fungi;p__Ascomycota;c__Dothideomycetes;o__Pleosporales;f__Pleosporales_fam_Incertae_sedis;g__Phoma;s__Phoma_paspali;"
"77","Otu077",59,"k__Fungi;p__Ascomycota;c__Sordariomycetes;o__Lulworthiales;f__unclassified_Lulworthiales;g__unclassified_Lulworthiales;s__Lulworthiales_sp;"
"78","Otu078",51,"k__Fungi;p__Ascomycota;c__Sordariomycetes;o__Melanosporales;f__Ceratostomataceae;g__Melanospora;s__Melanospora_tiffanii;"
"79","Otu079",50,"k__Fungi;p__Rozellomycota;c__unclassified_Rozellomycota;o__unclassified_Rozellomycota;f__unclassified_Rozellomycota;g__unclassified_Rozellomycota;s__Rozellomycota_sp;"
"80","Otu080",71,"k__Fungi;p__Ascomycota;c__Saccharomycetes;o__Saccharomycetales;f__Saccharomycetales_fam_Incertae_sedis;g__Debaryomyces;s__Debaryomyces_prosopidis;"
"81","Otu081",72,"k__Fungi;p__Ascomycota;c__Dothideomycetes;o__Pleosporales;f__Phaeosphaeriaceae;g__Phaeosphaeria;s__Phaeosphaeria_pontiformis;"
"82","Otu082",44,"k__Fungi;p__Ascomycota;c__Sordariomycetes;o__Sordariomycetidae_ord_Incertae_sedis;f__Sordariomycetidae_fam_Incertae_sedis;g__Savoryella;s__Savoryella_lignicola;"
"83","Otu083",51,"k__Fungi;p__Ascomycota;c__Sordariomycetes;o__Sordariales;f__Lasiosphaeriaceae;g__Schizothecium;unclassified;"
"84","Otu084",114,"k__Fungi;p__Ascomycota;c__Sordariomycetes;o__Magnaporthales;f__Magnaporthaceae;unclassified;unclassified;"
"85","Otu085",43,"k__Fungi;p__Ascomycota;c__Eurotiomycetes;o__Chaetothyriales;f__Herpotrichiellaceae;g__Exophiala;s__Exophiala_opportunistica;"
"86","Otu086",39,"k__Fungi;p__Ascomycota;c__Leotiomycetes;o__Helotiales;f__Helotiales_fam_Incertae_sedis;g__Dactylaria;s__Dactylaria_dimorphospora;"
"87","Otu087",67,"k__Fungi;p__Ascomycota;c__Leotiomycetes;o__Helotiales;f__Dermateaceae;unclassified;unclassified;"
"88","Otu088",44,"k__Fungi;p__Ascomycota;c__Sordariomycetes;o__Lulworthiales;unclassified;unclassified;unclassified;"
"89","Otu089",32,"k__Fungi;p__Ascomycota;c__Dothideomycetes;o__Pleosporales;f__Pleosporales_fam_Incertae_sedis;g__Tingoldiago;s__Tingoldiago_graminicola;"
"90","Otu090",51,"k__Fungi;p__Basidiomycota;c__Microbotryomycetes;o__Sporidiobolales;f__Sporidiobolales_fam_Incertae_sedis;g__Rhodotorula;s__Rhodotorula_graminis;"
"91","Otu091",71,"k__Fungi;p__Ascomycota;c__Sordariomycetes;o__Sordariales;f__Lasiosphaeriaceae;g__Zopfiella;s__Zopfiella_sp;"
"92","Otu092",39,"k__Fungi;p__Glomeromycota;c__Glomeromycetes;o__Glomerales;f__Glomeraceae;g__Dominikia;s__Dominikia_aurea;"
"93","Otu093",30,"k__Fungi;p__Ascomycota;c__Sordariomycetes;o__Hypocreales;f__Nectriaceae;g__Gibberella;unclassified;"
"94","Otu094",37,"k__Fungi;p__Ascomycota;c__Sordariomycetes;o__Sordariomycetes_ord_Incertae_sedis;f__Sordariomycetes_fam_Incertae_sedis;g__Myrmecridium;unclassified;"
"95","Otu095",33,"k__Fungi;p__Zygomycota;c__Mortierellomycotina_cls_Incertae_sedis;o__Mortierellales;f__Mortierellaceae;g__Mortierella;s__Mortierella_gamsii;"
"96","Otu096",52,"k__Fungi;p__Ascomycota;c__Dothideomycetes;o__Capnodiales;f__Davidiellaceae;g__Cladosporium;unclassified;"
"97","Otu097",39,"k__Fungi;p__Basidiomycota;c__Agaricomycetes;o__Sebacinales;f__Sebacinales_Group_B;unclassified;unclassified;"
"98","Otu098",26,"k__Fungi;p__Glomeromycota;c__Glomeromycetes;o__Glomerales;f__Glomeraceae;g__Rhizophagus;unclassified;"
"99","Otu099",37,"k__Fungi;p__Ascomycota;c__Dothideomycetes;o__Dothideales;f__Dothioraceae;unclassified;unclassified;"
"100","Otu100",27,"k__Fungi;p__Glomeromycota;c__Glomeromycetes;o__Glomerales;f__Glomeraceae;unclassified;unclassified;"
"101","Otu101",39,"k__Fungi;p__Ascomycota;c__Sordariomycetes;o__Sordariales;f__Lasiosphaeriaceae;g__Podospora;s__Podospora_bicolor;"
"102","Otu102",50,"k__Fungi;p__Ascomycota;c__Dothideomycetes;o__Capnodiales;f__Davidiellaceae;g__Cladosporium;s__Cladosporium_ramotenellum;"
"103","Otu103",24,"k__Fungi;p__Ascomycota;c__Dothideomycetes;o__Pleosporales;f__Pleosporaceae;g__Bipolaris;unclassified;"
"104","Otu104",34,"k__Fungi;p__Ascomycota;c__Dothideomycetes;o__Dothideomycetes_ord_Incertae_sedis;f__Dothideomycetes_fam_Incertae_sedis;g__Minutisphaera;s__Minutisphaera_aspera;"
"105","Otu105",24,"k__Fungi;p__Ascomycota;c__Sordariomycetes;o__Sordariales;f__Lasiosphaeriaceae;g__Podospora;unclassified;"
"106","Otu106",22,"k__Fungi;p__Ascomycota;c__Sordariomycetes;o__Xylariales;f__Xylariales_fam_Incertae_sedis;g__Microdochium;unclassified;"
"107","Otu107",36,"k__Fungi;p__Ascomycota;c__Pezizomycotina_cls_Incertae_sedis;o__Pezizomycotina_ord_Incertae_sedis;f__Pezizomycotina_fam_Incertae_sedis;g__Chalara;unclassified;"
"108","Otu108",35,"k__Fungi;p__Ascomycota;c__Dothideomycetes;o__Pleosporales;f__Leptosphaeriaceae;g__Leptosphaeria;s__Leptosphaeria_sp;"
"109","Otu109",20,"k__Fungi;p__Ascomycota;c__Sordariomycetes;o__Hypocreales;unclassified;unclassified;unclassified;"
"110","Otu110",38,"k__Fungi;p__Ascomycota;c__Leotiomycetes;o__Helotiales;f__Helotiales_fam_Incertae_sedis;g__Cadophora;s__Cadophora_melinii;"
"111","Otu111",29,"k__Fungi;p__Ascomycota;c__Sordariomycetes;o__Hypocreales;f__Nectriaceae;g__Gibberella;s__Gibberella_zeae;"
"112","Otu112",37,"k__Fungi;p__Ascomycota;c__Dothideomycetes;o__Pleosporales;f__Phaeosphaeriaceae;g__Phaeosphaeria;s__Phaeosphaeria_microscopica;"
"113","Otu113",22,"k__Fungi;p__Ascomycota;c__Sordariomycetes;o__Sordariales;f__Lasiosphaeriaceae;g__Podospora;s__Podospora_multipilosa;"
"114","Otu114",40,"k__Fungi;p__Ascomycota;c__Dothideomycetes;o__Pleosporales;f__Phaeosphaeriaceae;g__Stagonospora;unclassified;"
"115","Otu115",31,"k__Fungi;p__Ascomycota;c__Dothideomycetes;o__Pleosporales;f__Pleosporaceae;unclassified;unclassified;"
"116","Otu116",22,"k__Fungi;p__Ascomycota;c__Dothideomycetes;o__Pleosporales;f__Montagnulaceae;unclassified;unclassified;"
"117","Otu117",35,"k__Fungi;p__Ascomycota;c__Pezizomycotina_cls_Incertae_sedis;o__Pezizomycotina_ord_Incertae_sedis;f__Pezizomycotina_fam_Incertae_sedis;g__Filosporella;s__Filosporella_fistucella;"
"118","Otu118",16,"k__Fungi;p__Ascomycota;c__Dothideomycetes;o__Pleosporales;f__Phaeosphaeriaceae;g__Ophiosphaerella;s__Ophiosphaerella_agrostidis;"
"119","Otu119",30,"k__Fungi;p__Ascomycota;c__Leotiomycetes;o__Helotiales;f__Helotiaceae;g__Tricladium;unclassified;"
"120","Otu120",16,"k__Fungi;p__Ascomycota;c__Sordariomycetes;o__Magnaporthales;unclassified;unclassified;unclassified;"
"121","Otu121",25,"k__Fungi;p__Ascomycota;c__Dothideomycetes;o__Pleosporales;f__Pleosporales_fam_Incertae_sedis;g__Wettsteinina;s__Wettsteinina_lacustris;"
"122","Otu122",25,"k__Fungi;p__Ascomycota;c__Sordariomycetes;o__Sordariomycetidae_ord_Incertae_sedis;f__Reticulascaceae;g__Reticulascus;s__Reticulascus_clavatus;"
"123","Otu123",14,"k__Fungi;p__Ascomycota;c__Sordariomycetes;o__Hypocreales;f__Hypocreales_fam_Incertae_sedis;g__Ilyonectria;s__Ilyonectria_mors-panacis;"
"124","Otu124",24,"k__Fungi;p__Basidiomycota;c__Tremellomycetes;o__Tremellales;f__Tremellales_fam_Incertae_sedis;g__Cryptococcus;s__Cryptococcus_baii;"
"125","Otu125",30,"k__Fungi;p__Ascomycota;c__Sordariomycetes;o__Hypocreales;f__Hypocreales_fam_Incertae_sedis;g__Ilyonectria;s__Ilyonectria_coprosmae;"
"126","Otu126",28,"k__Fungi;p__Ascomycota;c__Sordariomycetes;o__Sordariomycetes_ord_Incertae_sedis;f__Sordariomycetes_fam_Incertae_sedis;g__Myrmecridium;s__Myrmecridium_sp;"
"127","Otu127",28,"k__Fungi;p__Ascomycota;c__Sordariomycetes;o__Sordariomycetidae_ord_Incertae_sedis;f__Apiosporaceae;g__unclassified_Apiosporaceae;s__Apiosporaceae_sp;"
"128","Otu128",23,"k__Fungi;p__Basidiomycota;c__Agaricomycetes;o__Agaricales;f__Psathyrellaceae;g__Psathyrella;s__Psathyrella_typhae;"
"129","Otu129",14,"k__Fungi;p__Ascomycota;c__Sordariomycetes;o__Sordariomycetidae_ord_Incertae_sedis;f__Apiosporaceae;g__Arthrinium;unclassified;"
"130","Otu130",32,"k__Fungi;p__Basidiomycota;c__Tremellomycetes;o__Tremellales;f__Tremellales_fam_Incertae_sedis;g__Cryptococcus;s__Cryptococcus_dimennae;"
"131","Otu131",21,"k__Fungi;p__Basidiomycota;c__Agaricomycetes;o__Corticiales;f__Corticiaceae;g__Marchandiobasidium;s__Marchandiobasidium_sp;"
"132","Otu132",12,"k__Fungi;p__Ascomycota;c__Pezizomycotina_cls_Incertae_sedis;o__Pezizomycotina_ord_Incertae_sedis;f__Pezizomycotina_fam_Incertae_sedis;g__Clohesyomyces;s__Clohesyomyces_sp;"
"133","Otu133",15,"k__Fungi;p__Basidiomycota;c__Agaricomycetes;o__Polyporales;f__Ganodermataceae;g__Ganoderma;unclassified;"
"134","Otu134",15,"k__Fungi;p__Ascomycota;c__Saccharomycetes;o__Saccharomycetales;f__Saccharomycetales_fam_Incertae_sedis;unclassified;unclassified;"
"135","Otu135",14,"k__Fungi;p__Ascomycota;c__Sordariomycetes;o__Hypocreales;f__Hypocreales_fam_Incertae_sedis;g__Myrothecium;unclassified;"
"136","Otu136",24,"k__Fungi;p__Ascomycota;c__Sordariomycetes;o__Lulworthiales;f__Lulworthiaceae;g__Lulwoana;s__Lulwoana_sp;"
"137","Otu137",12,"k__Fungi;p__Ascomycota;c__Leotiomycetes;o__Leotiales;f__Leotiaceae;g__Alatospora;s__Alatospora_acuminata;"
"138","Otu138",15,"k__Fungi;p__Ascomycota;c__Sordariomycetes;o__Xylariales;f__Xylariales_fam_Incertae_sedis;g__Monosporascus;unclassified;"
"139","Otu139",20,"k__Fungi;p__Ascomycota;c__Sordariomycetes;o__Sordariomycetidae_ord_Incertae_sedis;f__Apiosporaceae;g__Arthrinium;s__Arthrinium_phaeospermum;"
"140","Otu140",12,"k__Fungi;p__Ascomycota;c__Sordariomycetes;o__Hypocreales;f__Hypocreales_fam_Incertae_sedis;g__Acremonium;s__Acremonium_tubakii;"
"141","Otu141",11,"k__Fungi;p__Ascomycota;c__Dothideomycetes;o__Capnodiales;unclassified;unclassified;unclassified;"
"142","Otu142",25,"k__Fungi;p__Ascomycota;c__Dothideomycetes;o__Pleosporales;f__Phaeosphaeriaceae;g__Phaeosphaeria;unclassified;"
"143","Otu143",14,"k__Fungi;p__Ascomycota;c__Dothideomycetes;unclassified;unclassified;unclassified;unclassified;"
"144","Otu144",23,"k__Fungi;p__Ascomycota;c__Sordariomycetes;o__Sordariales;f__Lasiosphaeriaceae;g__Cladorrhinum;s__Cladorrhinum_sp;"
"145","Otu145",447,"k__Fungi;p__Basidiomycota;unclassified;unclassified;unclassified;unclassified;unclassified;"
"146","Otu146",10,"k__Fungi;p__Ascomycota;c__Saccharomycetes;o__Saccharomycetales;f__Saccharomycetales_fam_Incertae_sedis;g__Cyberlindnera;unclassified;"
"147","Otu147",13,"k__Fungi;p__Ascomycota;c__Sordariomycetes;o__Xylariales;f__Xylariales_fam_Incertae_sedis;g__Monographella;s__Monographella_nivalis;"
"148","Otu148",12,"k__Fungi;p__Basidiomycota;c__Microbotryomycetes;o__Sporidiobolales;f__Sporidiobolales_fam_Incertae_sedis;g__Rhodotorula;unclassified;"
"149","Otu149",16,"k__Fungi;p__Ascomycota;c__Dothideomycetes;o__Pleosporales;f__Melanommataceae;g__Sarimanas;s__Sarimanas_shirakamiense;"
"150","Otu150",13,"k__Fungi;p__Ascomycota;c__Eurotiomycetes;o__Chaetothyriales;f__Herpotrichiellaceae;g__Exophiala;unclassified;"
"151","Otu151",13,"k__Fungi;p__Basidiomycota;c__Tremellomycetes;o__Tremellales;f__Tremellales_fam_Incertae_sedis;g__Cryptococcus;s__Cryptococcus_gastricus;"
"152","Otu152",11,"k__Fungi;p__Ascomycota;c__Eurotiomycetes;o__Eurotiales;f__Trichocomaceae;g__Penicillium;unclassified;"
"153","Otu153",36,"k__Fungi;p__Ascomycota;c__Saccharomycetes;o__Saccharomycetales;unclassified;unclassified;unclassified;"
"154","Otu154",13,"k__Fungi;p__Ascomycota;c__Leotiomycetes;o__Helotiales;f__Helotiales_fam_Incertae_sedis;g__Spirosphaera;s__Spirosphaera_cupreorufescens;"
"155","Otu155",15,"k__Fungi;p__Basidiomycota;c__Agaricomycetes;o__Thelephorales;f__Thelephoraceae;unclassified;unclassified;"
"156","Otu156",9,"k__Fungi;p__Basidiomycota;c__Microbotryomycetes;unclassified;unclassified;unclassified;unclassified;"
"157","Otu157",16,"k__Fungi;p__Ascomycota;c__Eurotiomycetes;o__Eurotiales;f__Trichocomaceae;g__Aspergillus;unclassified;"
"158","Otu158",9,"k__Fungi;p__Ascomycota;c__Dothideomycetes;o__Dothideales;f__Dothideaceae;g__Endoconidioma;s__Endoconidioma_populi;"
"159","Otu159",23,"k__Fungi;p__Ascomycota;c__Dothideomycetes;o__Pleosporales;f__Montagnulaceae;g__Paraphaeosphaeria;s__Paraphaeosphaeria_pilleata;"
"160","Otu160",17,"k__Fungi;p__Ascomycota;c__Sordariomycetes;o__Hypocreales;f__Hypocreaceae;g__Trichoderma;unclassified;"
"161","Otu161",8,"k__Fungi;p__Ascomycota;c__Dothideomycetes;o__Pleosporales;f__Massarinaceae;g__Saccharicola;s__Saccharicola_bicolor;"
"162","Otu162",11,"k__Fungi;p__Zygomycota;c__Mortierellomycotina_cls_Incertae_sedis;o__Mortierellales;f__Mortierellaceae;g__Mortierella;unclassified;"
"163","Otu163",10,"k__Fungi;p__Ascomycota;c__Dothideomycetes;o__Pleosporales;f__Pleosporaceae;g__Alternaria;s__Alternaria_metachromatica;"
"164","Otu164",8,"k__Fungi;p__Glomeromycota;c__Glomeromycetes;o__Glomerales;f__Glomeraceae;g__Funneliformis;s__Funneliformis_mosseae;"
"165","Otu165",10,"k__Fungi;p__Ascomycota;c__Dothideomycetes;o__Pleosporales;f__Pleosporales_fam_Incertae_sedis;g__Lentithecium;s__Lentithecium_arundinaceum;"
"166","Otu166",10,"k__Fungi;p__Ascomycota;c__Sordariomycetes;o__Hypocreales;f__Nectriaceae;g__Thelonectria;unclassified;"
"167","Otu167",11,"k__Fungi;p__Ascomycota;c__Sordariomycetes;o__Hypocreales;f__Hypocreales_fam_Incertae_sedis;g__Myrothecium;s__Myrothecium_gramineum;"
"168","Otu168",9,"k__Fungi;p__Ascomycota;c__Sordariomycetes;o__Magnaporthales;f__Magnaporthaceae;g__Gaeumannomyces;s__Gaeumannomyces_caricis;"
"169","Otu169",12,"k__Fungi;p__Basidiomycota;c__Agaricomycetes;o__Agaricales;f__Psathyrellaceae;g__Parasola;s__Parasola_sp;"
"170","Otu170",10,"k__Fungi;p__Ascomycota;c__Dothideomycetes;o__Pleosporales;f__Phaeosphaeriaceae;g__Setophaeosphaeria;s__Setophaeosphaeria_badalingensis;"
"171","Otu171",9,"k__Fungi;p__Basidiomycota;c__Tremellomycetes;o__Cystofilobasidiales;f__Cystofilobasidiaceae;g__Mrakia;s__Mrakia_frigida;"
"172","Otu172",13,"k__Fungi;p__Ascomycota;c__Dothideomycetes;o__Pleosporales;f__Lentitheciaceae;g__Setoseptoria;s__Setoseptoria_phragmitis;"
"173","Otu173",7,"k__Fungi;p__Ascomycota;c__Sordariomycetes;o__Sordariomycetidae_ord_Incertae_sedis;f__Glomerellaceae;g__Colletotrichum;unclassified;"
"174","Otu174",7,"k__Fungi;p__Basidiomycota;c__Agaricomycetes;o__Agaricales;f__Psathyrellaceae;g__Coprinellus;unclassified;"
"175","Otu175",7,"k__Fungi;p__Ascomycota;c__Sordariomycetes;o__Sordariomycetes_ord_Incertae_sedis;f__Sordariomycetes_fam_Incertae_sedis;g__Myrmecridium;s__Myrmecridium_schulzeri;"
"176","Otu176",20,"k__Fungi;p__Ascomycota;c__Dothideomycetes;o__Pleosporales;f__Leptosphaeriaceae;g__Subplenodomus;unclassified;"
"177","Otu177",15,"k__Fungi;p__Ascomycota;c__Sordariomycetes;o__Hypocreales;f__Hypocreales_fam_Incertae_sedis;g__Ilyonectria;s__Ilyonectria_sp;"
"178","Otu178",7,"k__Fungi;p__Ascomycota;c__Pezizomycotina_cls_Incertae_sedis;o__Pezizomycotina_ord_Incertae_sedis;f__Pezizomycotina_fam_Incertae_sedis;g__Minimelanolocus;s__Minimelanolocus_sp;"
"179","Otu179",8,"k__Fungi;p__Basidiomycota;c__Agaricomycetes;o__Agaricales;f__Strophariaceae;g__Pholiota;unclassified;"
"180","Otu180",8,"k__Fungi;p__Ascomycota;c__Pezizomycetes;o__Pezizales;f__Pyronemataceae;g__Scutellinia;s__Scutellinia_scutellata;"
"181","Otu181",8,"k__Fungi;p__Basidiomycota;c__Agaricomycetes;o__Agaricales;f__Psathyrellaceae;g__Coprinopsis;s__Coprinopsis_pachyderma;"
"182","Otu182",8,"k__Fungi;p__Basidiomycota;c__Tremellomycetes;o__Tremellales;f__Tremellales_fam_Incertae_sedis;g__Bulleromyces;s__Bulleromyces_albus;"
"183","Otu183",8,"k__Fungi;p__Ascomycota;c__Sordariomycetes;o__Sordariomycetidae_ord_Incertae_sedis;f__Glomerellaceae;g__Colletotrichum;s__Colletotrichum_graminicola;"
"184","Otu185",7,"k__Fungi;p__Basidiomycota;c__Agaricomycetes;o__Cantharellales;f__Ceratobasidiaceae;unclassified;unclassified;"
"185","Otu186",8,"k__Fungi;p__Ascomycota;c__Pezizomycotina_cls_Incertae_sedis;o__Pezizomycotina_ord_Incertae_sedis;f__Pezizomycotina_fam_Incertae_sedis;g__Wojnowicia;s__Wojnowicia_viburni;"
"186","Otu187",7,"k__Fungi;p__Basidiomycota;c__Agaricomycetes;o__Agaricales;f__Psathyrellaceae;g__Coprinopsis;unclassified;"
"187","Otu188",6,"k__Fungi;p__Glomeromycota;c__Glomeromycetes;o__Glomerales;f__Glomeraceae;g__unclassified_Glomeraceae;s__Glomeraceae_sp;"
"188","Otu189",6,"k__Fungi;p__Chytridiomycota;c__Chytridiomycetes;o__Rhizophydiales;f__Alphamycetaceae;g__Betamyces;unclassified;"
"189","Otu190",7,"k__Fungi;p__Basidiomycota;c__Tremellomycetes;o__Filobasidiales;f__Filobasidiaceae;g__Filobasidium;s__Filobasidium_magnum;"
"190","Otu191",5,"k__Fungi;p__Ascomycota;c__Leotiomycetes;o__Thelebolales;f__Thelebolaceae;g__Pezizella;s__Pezizella_sp;"
"191","Otu192",12,"k__Fungi;p__Basidiomycota;c__Tremellomycetes;o__Tremellales;f__Tremellales_fam_Incertae_sedis;g__Cryptococcus;s__Cryptococcus_skinneri;"
"192","Otu193",5,"k__Fungi;p__Glomeromycota;c__Glomeromycetes;o__Glomerales;f__Glomeraceae;g__Dominikia;s__Dominikia_difficilevidera;"
"193","Otu194",7,"k__Fungi;p__Ascomycota;c__Leotiomycetes;o__Helotiales;f__Helotiaceae;g__Dimorphospora;s__Dimorphospora_sp;"
"194","Otu195",8,"k__Fungi;p__Ascomycota;c__Leotiomycetes;o__Helotiales;f__Hyaloscyphaceae;g__Cistella;s__Cistella_sp;"
"195","Otu196",5,"k__Fungi;p__Ascomycota;c__Leotiomycetes;o__Helotiales;f__Helotiaceae;g__Neobulgaria;unclassified;"
"196","Otu197",5,"k__Fungi;p__Ascomycota;c__Dothideomycetes;o__Dothideomycetes_ord_Incertae_sedis;f__Dothideomycetes_fam_Incertae_sedis;g__Minutisphaera;unclassified;"
"197","Otu198",8,"k__Fungi;p__Ascomycota;c__Dothideomycetes;o__Pleosporales;f__Pleosporales_fam_Incertae_sedis;g__Paraphoma;s__Paraphoma_chrysanthemicola;"
"198","Otu199",6,"k__Fungi;p__Basidiomycota;c__Agaricomycetes;o__Sebacinales;unclassified;unclassified;unclassified;"
"199","Otu200",6,"k__Fungi;p__Basidiomycota;c__Microbotryomycetes;o__Sporidiobolales;f__Sporidiobolales_fam_Incertae_sedis;g__Sporobolomyces;s__Sporobolomyces_ruberrimus;"
"200","Otu201",6,"k__Fungi;p__Basidiomycota;c__Agaricomycetes;o__Agaricales;f__Psathyrellaceae;g__Coprinopsis;s__Coprinopsis_sp;"
"201","Otu202",6,"k__Fungi;p__Ascomycota;c__Dothideomycetes;o__Pleosporales;f__Massarinaceae;g__Keissleriella;unclassified;"
"202","Otu203",5,"k__Fungi;p__Glomeromycota;c__Glomeromycetes;o__Glomerales;f__Glomeraceae;g__Glomus;s__Glomus_macrocarpum;"
"203","Otu204",7,"k__Fungi;p__Basidiomycota;c__Agaricomycetes;o__Cantharellales;f__Ceratobasidiaceae;g__Ceratobasidium;unclassified;"
"204","Otu205",4,"k__Fungi;p__Ascomycota;c__Sordariomycetes;o__Hypocreales;f__Nectriaceae;g__Fusarium;s__Fusarium_poae;"
"205","Otu206",4,"k__Fungi;p__Ascomycota;c__Leotiomycetes;o__Helotiales;f__Helotiales_fam_Incertae_sedis;g__Tetracladium;s__Tetracladium_breve;"
"206","Otu207",9,"k__Fungi;p__Basidiomycota;c__Agaricomycetes;o__Agaricales;f__Psathyrellaceae;g__Parasola;unclassified;"
"207","Otu208",6,"k__Fungi;p__Basidiomycota;c__Tremellomycetes;o__Tremellales;f__Tremellales_fam_Incertae_sedis;g__Dioszegia;unclassified;"
"208","Otu209",4,"k__Fungi;p__Ascomycota;c__Dothideomycetes;o__Pleosporales;f__Leptosphaeriaceae;g__Leptosphaeria;s__Leptosphaeria_contecta;"
"209","Otu210",6,"k__Fungi;p__Basidiomycota;c__Tremellomycetes;o__Tremellales;f__Tremellales_fam_Incertae_sedis;g__Cryptococcus;s__Cryptococcus_terricola;"
"210","Otu211",4,"k__Fungi;p__Ascomycota;c__Sordariomycetes;o__Hypocreales;f__Nectriaceae;g__Nectria;s__Nectria_pseudotrichia;"
"211","Otu212",5,"k__Fungi;p__Ascomycota;c__Sordariomycetes;o__Hypocreales;f__Hypocreales_fam_Incertae_sedis;g__Acremonium;s__Acremonium_alternatum;"
"212","Otu213",5,"k__Fungi;p__Basidiomycota;c__Tremellomycetes;o__Tremellales;f__Tremellales_fam_Incertae_sedis;g__Cryptococcus;s__Cryptococcus_amylolyticus;"
"213","Otu214",4,"k__Fungi;p__Ascomycota;c__Sordariomycetes;o__Sordariomycetes_ord_Incertae_sedis;f__Sordariomycetes_fam_Incertae_sedis;g__Pleurotheciella;s__Pleurotheciella_uniseptata;"
"214","Otu215",4,"k__Fungi;p__Glomeromycota;c__Glomeromycetes;o__Glomerales;f__Glomeraceae;g__Dominikia;unclassified;"
"215","Otu216",7,"k__Fungi;p__Ascomycota;c__Sordariomycetes;o__Sordariales;f__Lasiosphaeriaceae;g__Schizothecium;s__Schizothecium_miniglutinans;"
"216","Otu217",6,"k__Fungi;p__Ascomycota;c__Sordariomycetes;o__Hypocreales;f__Nectriaceae;g__Volutella;s__Volutella_ciliata;"
"217","Otu218",6,"k__Fungi;p__Ascomycota;c__Sordariomycetes;o__Sordariomycetidae_ord_Incertae_sedis;f__Apiosporaceae;unclassified;unclassified;"
"218","Otu219",4,"k__Fungi;p__Basidiomycota;c__Tremellomycetes;o__Tremellales;f__Tremellales_fam_Incertae_sedis;g__Cryptococcus;unclassified;"
"219","Otu220",4,"k__Fungi;p__Ascomycota;c__Pezizomycotina_cls_Incertae_sedis;o__Pezizomycotina_ord_Incertae_sedis;f__Pezizomycotina_fam_Incertae_sedis;g__Pseudorobillarda;s__Pseudorobillarda_sp;"
"220","Otu221",5,"k__Fungi;p__Basidiomycota;c__Tremellomycetes;o__Tremellales;f__Tremellales_fam_Incertae_sedis;g__Cryptococcus;s__Cryptococcus_wieringae;"
"221","Otu223",4,"k__Fungi;p__Ascomycota;c__Sordariomycetes;o__Hypocreales;f__Nectriaceae;g__Fusarium;s__Fusarium_oxysporum;"
"222","Otu224",5,"k__Fungi;p__Glomeromycota;unclassified;unclassified;unclassified;unclassified;unclassified;"
"223","Otu225",4,"k__Fungi;p__Basidiomycota;c__Agaricomycetes;o__Sebacinales;f__Sebacinaceae;g__Paulisebacina;s__Paulisebacina_allantoidea;"
"224","Otu226",3,"k__Fungi;p__Ascomycota;c__Sordariomycetes;o__Hypocreales;f__Hypocreales_fam_Incertae_sedis;g__Stachybotrys;s__Stachybotrys_chartarum;"
"225","Otu227",3,"k__Fungi;p__Ascomycota;c__Sordariomycetes;o__Hypocreales;f__Nectriaceae;g__Thelonectria;s__Thelonectria_veuillotiana;"
"226","Otu228",3,"k__Fungi;p__Ascomycota;c__Dothideomycetes;o__Dothideales;f__Dothioraceae;g__Aureobasidium;s__Aureobasidium_pullulans;"
"227","Otu229",4,"k__Fungi;p__Ascomycota;c__Sordariomycetes;o__Magnaporthales;f__Magnaporthaceae;g__Gaeumannomyces;s__Gaeumannomyces_graminis;"
"228","Otu230",4,"k__Fungi;p__Chytridiomycota;c__Chytridiomycetes;o__Olpidiales;f__Olpidiaceae;unclassified;unclassified;"
"229","Otu231",3,"k__Fungi;p__Basidiomycota;c__Pucciniomycetes;o__Platygloeales;f__Eocronartiaceae;g__Eocronartium;s__Eocronartium_sp;"
"230","Otu232",3,"k__Fungi;p__Ascomycota;c__Sordariomycetes;o__Sordariales;f__Sordariaceae;g__Neurospora;s__Neurospora_terricola;"
"231","Otu233",3,"k__Fungi;p__Basidiomycota;c__Tremellomycetes;o__Cystofilobasidiales;f__Cystofilobasidiaceae;g__Mrakia;unclassified;"
"232","Otu234",3,"k__Fungi;p__Ascomycota;c__Pezizomycotina_cls_Incertae_sedis;o__Pezizomycotina_ord_Incertae_sedis;f__Pezizomycotina_fam_Incertae_sedis;g__Volucrispora;s__Volucrispora_graminea;"
"233","Otu235",3,"k__Fungi;p__Ascomycota;c__Dothideomycetes;o__Dothideales;f__Dothioraceae;g__Selenophoma;s__Selenophoma_mahoniae;"
"234","Otu236",3,"k__Fungi;p__Glomeromycota;c__Glomeromycetes;o__Diversisporales;f__Acaulosporaceae;g__Acaulospora;unclassified;"
"235","Otu237",3,"k__Fungi;p__Basidiomycota;c__Cystobasidiomycetes;o__unclassified_Cystobasidiomycetes;f__unclassified_Cystobasidiomycetes;g__unclassified_Cystobasidiomycetes;s__Cystobasidiomycetes_sp;"
"236","Otu238",3,"k__Fungi;p__Glomeromycota;c__Glomeromycetes;o__Glomerales;f__Glomeraceae;g__Glomus;s__Glomus_indicum;"
"237","Otu239",3,"k__Fungi;p__Ascomycota;c__Dothideomycetes;o__Pleosporales;f__Pleosporales_fam_Incertae_sedis;g__Paraphoma;unclassified;"
"238","Otu240",3,"k__Fungi;p__Ascomycota;c__Sordariomycetes;o__Hypocreales;f__Bionectriaceae;g__Lasionectria;s__Lasionectria_marigotensis;"
"239","Otu241",5,"k__Fungi;p__Ascomycota;c__Sordariomycetes;o__Xylariales;unclassified;unclassified;unclassified;"
"240","Otu242",3,"k__Fungi;p__Ascomycota;c__Eurotiomycetes;o__Chaetothyriales;f__Herpotrichiellaceae;g__Phialophora;s__Phialophora_cyclaminis;"
"241","Otu243",3,"k__Fungi;p__Ascomycota;c__Dothideomycetes;o__Pleosporales;f__Montagnulaceae;g__Paraphaeosphaeria;unclassified;"
"242","Otu244",3,"k__Fungi;p__Basidiomycota;c__Tremellomycetes;o__Cystofilobasidiales;f__Cystofilobasidiaceae;g__Cystofilobasidium;s__Cystofilobasidium_macerans;"
"243","Otu245",3,"k__Fungi;p__Ascomycota;c__Leotiomycetes;o__Leotiomycetes_ord_Incertae_sedis;f__Leotiomycetes_fam_Incertae_sedis;g__Leohumicola;unclassified;"
"244","Otu246",3,"k__Fungi;p__Ascomycota;c__Sordariomycetes;o__Hypocreomycetidae_ord_Incertae_sedis;f__Plectosphaerellaceae;g__Gibellulopsis;s__Gibellulopsis_nigrescens;"
"245","Otu247",4,"k__Fungi;p__Basidiomycota;c__Agaricostilbomycetes;o__Agaricostilbales;f__unclassified_Agaricostilbales;g__unclassified_Agaricostilbales;s__Agaricostilbales_sp;"
"246","Otu248",7,"k__Fungi;p__Ascomycota;c__Leotiomycetes;o__Helotiales;f__Hyaloscyphaceae;unclassified;unclassified;"
"247","Otu249",11,"k__Fungi;p__Basidiomycota;c__Tremellomycetes;o__Tremellales;f__Tremellales_fam_Incertae_sedis;g__Dioszegia;s__Dioszegia_sp;"
"248","Otu250",3,"k__Fungi;p__Ascomycota;c__Pezizomycotina_cls_Incertae_sedis;o__Pezizomycotina_ord_Incertae_sedis;f__Pezizomycotina_fam_Incertae_sedis;g__Aquapeziza;s__Aquapeziza_globispora;"
"249","Otu251",3,"k__Fungi;p__Ascomycota;c__Dothideomycetes;o__Capnodiales;f__Mycosphaerellaceae;unclassified;unclassified;"
"250","Otu252",3,"k__Fungi;p__Basidiomycota;c__Agaricomycetes;o__Atheliales;f__Atheliaceae;g__Athelia;s__Athelia_epiphylla;"
"251","Otu253",2,"k__Fungi;p__Ascomycota;c__Dothideomycetes;o__Pleosporales;f__Pleosporales_fam_Incertae_sedis;g__Pyrenochaeta;unclassified;"
"252","Otu254",2,"k__Fungi;p__Basidiomycota;c__Agaricomycetes;o__Agaricales;f__Clavariaceae;g__Clavaria;unclassified;"
"253","Otu255",2,"k__Fungi;p__Ascomycota;c__Sordariomycetes;o__Sordariales;f__Lasiosphaeriaceae;g__unclassified_Lasiosphaeriaceae;s__Lasiosphaeriaceae_sp;"
"254","Otu256",2,"k__Fungi;p__Ascomycota;c__Leotiomycetes;o__Rhytismatales;f__Rhytismataceae;g__Lophodermium;s__Lophodermium_sp;"
"255","Otu257",2,"k__Fungi;p__Ascomycota;c__Dothideomycetes;o__Pleosporales;f__Pleosporaceae;g__Alternaria;s__Alternaria_palandui;"
"256","Otu258",2,"k__Fungi;p__Glomeromycota;c__Glomeromycetes;o__Diversisporales;f__Acaulosporaceae;unclassified;unclassified;"
"257","Otu259",2,"k__Fungi;p__Basidiomycota;c__Agaricomycetes;o__Agaricales;f__Mycenaceae;g__Mycena;s__Mycena_olida;"
"258","Otu260",2,"k__Fungi;p__Ascomycota;c__Dothideomycetes;o__Pleosporales;f__Pleosporales_fam_Incertae_sedis;g__Pyrenochaeta;s__Pyrenochaeta_inflorescentiae;"
"259","Otu261",2,"k__Fungi;p__Ascomycota;c__Sordariomycetes;o__Diaporthales;f__Valsaceae;g__Valsa;s__Valsa_pini;"
"260","Otu262",2,"k__Fungi;p__Ascomycota;c__Eurotiomycetes;o__Chaetothyriales;f__Chaetothyriaceae;g__Cyphellophora;unclassified;"
"261","Otu263",3,"k__Fungi;p__Ascomycota;c__Sordariomycetes;o__Sordariales;f__Lasiosphaeriaceae;g__Podospora;s__Podospora_cochleariformis;"
"262","Otu264",2,"k__Fungi;p__Basidiomycota;c__Agaricomycetes;o__Auriculariales;f__Auriculariales_fam_Incertae_sedis;unclassified;unclassified;"
"263","Otu265",2,"k__Fungi;p__Ascomycota;c__Dothideomycetes;o__Pleosporales;f__Leptosphaeriaceae;g__Neosetophoma;unclassified;"
"264","Otu266",3,"k__Fungi;p__Basidiomycota;c__Tremellomycetes;o__Tremellales;f__Tremellales_fam_Incertae_sedis;g__Tremella;unclassified;"
"265","Otu267",2,"k__Fungi;p__Ascomycota;c__Sordariomycetes;o__Hypocreales;f__Cordycipitaceae;g__Engyodontium;s__Engyodontium_album;"
"266","Otu268",5,"k__Fungi;p__Ascomycota;c__Sordariomycetes;o__Chaetosphaeriales;f__Chaetosphaeriaceae;g__Cylindrotrichum;s__Cylindrotrichum_sp;"
"267","Otu269",2,"k__Fungi;p__Ascomycota;c__Orbiliomycetes;o__Orbiliales;f__Orbiliaceae;g__Dactylellina;s__Dactylellina_cionopaga;"
"268","Otu270",4,"k__Fungi;p__Ascomycota;c__Sordariomycetes;o__Diaporthales;f__Valsaceae;g__Valsa;unclassified;"
"269","Otu271",4,"k__Fungi;p__Basidiomycota;c__Microbotryomycetes;o__Sporidiobolales;f__Sporidiobolales_fam_Incertae_sedis;g__Rhodotorula;s__Rhodotorula_pilatii;"
"270","Otu272",2,"k__Fungi;p__Glomeromycota;c__Glomeromycetes;o__Glomerales;f__Claroideoglomeraceae;g__Claroideoglomus;s__Claroideoglomus_claroideum;"
"271","Otu273",2,"k__Fungi;p__Ascomycota;c__Sordariomycetes;o__Hypocreales;f__Bionectriaceae;g__Clonostachys;s__Clonostachys_rosea;"
"272","Otu274",2,"k__Fungi;p__Ascomycota;c__Leotiomycetes;o__Helotiales;f__Helotiaceae;g__Tricladium;s__Tricladium_sp;"
"273","Otu275",2,"k__Fungi;p__Ascomycota;c__Pezizomycotina_cls_Incertae_sedis;o__Pezizomycotina_ord_Incertae_sedis;f__Pezizomycotina_fam_Incertae_sedis;g__Phialotubus;s__Phialotubus_microsporus;"
"274","Otu276",5,"k__Fungi;p__Basidiomycota;c__Tremellomycetes;o__Tremellales;f__Tremellales_fam_Incertae_sedis;g__Dioszegia;s__Dioszegia_rishiriensis;"
"275","Otu277",3,"k__Fungi;p__Basidiomycota;c__Tremellomycetes;unclassified;unclassified;unclassified;unclassified;"
"276","Otu278",2,"k__Fungi;p__Basidiomycota;c__Agaricomycetes;o__Russulales;f__Peniophoraceae;g__Peniophora;unclassified;"
"277","Otu279",2,"k__Fungi;p__Basidiomycota;c__Tremellomycetes;o__Tremellales;f__Tremellales_fam_Incertae_sedis;g__Auriculibuller;s__Auriculibuller_fuscus;"
"278","Otu280",2,"k__Fungi;p__Basidiomycota;c__Microbotryomycetes;o__Sporidiobolales;f__Sporidiobolales_fam_Incertae_sedis;unclassified;unclassified;"
"279","Otu281",2,"k__Fungi;p__Ascomycota;c__Leotiomycetes;o__Helotiales;f__Helotiales_fam_Incertae_sedis;g__Cadophora;s__Cadophora_sp;"
"280","Otu282",2,"k__Fungi;p__Ascomycota;c__Dothideomycetes;o__Capnodiales;f__Mycosphaerellaceae;g__Dissoconium;s__Dissoconium_aciculare;"
"281","Otu283",24,"k__Fungi;p__Ascomycota;c__Sordariomycetes;o__Hypocreales;f__Hypocreales_fam_Incertae_sedis;unclassified;unclassified;"
"282","Otu284",2,"k__Fungi;p__Basidiomycota;c__Agaricomycetes;o__Agaricales;f__Psathyrellaceae;g__Coprinopsis;s__Coprinopsis_vermiculifer;"
"283","Otu285",2,"k__Fungi;p__Basidiomycota;c__Agaricomycetes;o__Agaricales;unclassified;unclassified;unclassified;"
"284","Otu286",2,"k__Fungi;p__Ascomycota;c__Eurotiomycetes;o__Eurotiales;f__Trichocomaceae;g__Penicillium;s__Penicillium_odoratum;"
"285","Otu287",2,"k__Fungi;p__Ascomycota;c__Eurotiomycetes;o__Eurotiales;f__Trichocomaceae;g__Talaromyces;s__Talaromyces_helicus;"
"286","Otu288",2,"k__Fungi;p__Ascomycota;c__Sordariomycetes;o__Hypocreales;f__Hypocreales_fam_Incertae_sedis;g__Ilyonectria;s__Ilyonectria_palmarum;"
"287","Otu289",2,"k__Fungi;p__Basidiomycota;c__Agaricomycetes;o__Trechisporales;f__Hydnodontaceae;g__Trechispora;unclassified;"
"288","Otu290",2,"k__Fungi;p__Basidiomycota;c__Tremellomycetes;o__Tremellales;f__Tremellales_fam_Incertae_sedis;g__Dioszegia;s__Dioszegia_hungarica;"
"289","Otu291",2,"k__Fungi;p__Ascomycota;c__Dothideomycetes;o__Pleosporales;f__Phaeosphaeriaceae;g__Parastagonospora;s__Parastagonospora_avenae;"
"290","Otu292",2,"k__Fungi;p__Chytridiomycota;c__Monoblepharidomycetes;o__Monoblepharidales;unclassified;unclassified;unclassified;"
"291","Otu293",2,"k__Fungi;p__Basidiomycota;c__Microbotryomycetes;o__Microbotryomycetes_ord_Incertae_sedis;f__Microbotryomycetes_fam_Incertae_sedis;g__Glaciozyma;s__Glaciozyma_martinii;"
"292","Otu294",2,"k__Fungi;p__Basidiomycota;c__Agaricomycetes;o__Agaricales;f__Psathyrellaceae;g__Coprinellus;s__Coprinellus_hiascens;"
"293","Otu295",8,"k__Fungi;p__Ascomycota;c__Sordariomycetes;o__Sordariales;f__Lasiosphaeriaceae;g__Podospora;s__Podospora_intestinacea;"
"294","Otu296",3,"k__Fungi;p__Ascomycota;c__Sordariomycetes;o__Hypocreales;f__Hypocreales_fam_Incertae_sedis;g__Acremonium;s__Acremonium_antarcticum;"
"295","Otu297",2,"k__Fungi;p__Ascomycota;c__Dothideomycetes;o__Pleosporales;f__unclassified_Pleosporales;g__unclassified_Pleosporales;s__Pleosporales_sp;"
"296","Otu298",2,"k__Fungi;p__Ascomycota;c__Dothideomycetes;o__Pleosporales;f__Cucurbitariaceae;g__Pyrenochaetopsis;s__Pyrenochaetopsis_pratorum;"
"297","Otu299",1,"k__Fungi;p__Ascomycota;c__Sordariomycetes;o__Magnaporthales;f__Magnaporthaceae;g__Slopeiomyces;s__Slopeiomyces_cylindrosporus;"
"298","Otu300",1,"k__Fungi;p__Ascomycota;c__Sordariomycetes;o__Sordariomycetes_ord_Incertae_sedis;f__Sordariomycetes_fam_Incertae_sedis;g__Myrmecridium;s__Myrmecridium_montsegurinum;"
"299","Otu301",1,"k__Fungi;p__Ascomycota;c__Dothideomycetes;o__Pleosporales;f__Montagnulaceae;g__Paraconiothyrium;unclassified;"
"300","Otu302",1,"k__Fungi;p__Ascomycota;c__Sordariomycetes;o__Chaetosphaeriales;f__Chaetosphaeriaceae;unclassified;unclassified;"
"301","Otu303",1,"k__Fungi;p__Basidiomycota;c__Tremellomycetes;o__Tremellales;f__Tremellales_fam_Incertae_sedis;g__Bullera;s__Bullera_globospora;"
"302","Otu304",1,"k__Fungi;p__Basidiomycota;c__Ustilaginomycetes;o__Ustilaginales;f__Anthracoideaceae;g__Farysia;s__Farysia_acheniorum;"
"303","Otu305",1,"k__Fungi;p__Ascomycota;c__Dothideomycetes;o__Pleosporales;f__Pleosporales_fam_Incertae_sedis;g__Setomelanomma;s__Setomelanomma_sp;"
"304","Otu306",1,"k__Fungi;p__Ascomycota;c__Dothideomycetes;o__Pleosporales;f__Sporormiaceae;g__Preussia;s__Preussia_terricola;"
"305","Otu307",1,"k__Fungi;p__Ascomycota;c__Sordariomycetes;o__Microascales;f__Halosphaeriaceae;g__Remispora;s__Remispora_stellata;"
"306","Otu308",1,"k__Fungi;p__Ascomycota;c__Dothideomycetes;o__Pleosporales;f__Lophiostomataceae;g__Trichometasphaeria;s__Trichometasphaeria_sp;"
"307","Otu309",1,"k__Fungi;p__Ascomycota;c__Sordariomycetes;o__Boliniales;f__Boliniaceae;unclassified;unclassified;"
"308","Otu310",1,"k__Fungi;p__Ascomycota;c__Leotiomycetes;o__Helotiales;f__Helotiaceae;g__Tricladium;s__Tricladium_alaskense;"
"309","Otu311",1,"k__Fungi;p__Ascomycota;c__Leotiomycetes;o__Helotiales;f__Vibrisseaceae;unclassified;unclassified;"
"310","Otu312",1,"k__Fungi;p__Ascomycota;c__Dothideomycetes;o__Pleosporales;f__Pleosporaceae;g__Stemphylium;s__Stemphylium_herbarum;"
"311","Otu313",1,"k__Fungi;p__Ascomycota;c__Sordariomycetes;o__unclassified_Sordariomycetes;f__unclassified_Sordariomycetes;g__unclassified_Sordariomycetes;s__Sordariomycetes_sp;"
"312","Otu314",1,"k__Fungi;p__Ascomycota;c__Sordariomycetes;o__Hypocreales;f__Hypocreales_fam_Incertae_sedis;g__Acremonium;s__Acremonium_nepalense;"
"313","Otu315",2,"k__Fungi;p__Basidiomycota;c__Tremellomycetes;o__Tremellales;f__Tremellales_fam_Incertae_sedis;g__Cryptococcus;s__Cryptococcus_chernovii;"
"314","Otu316",1,"k__Fungi;p__Ascomycota;c__Pezizomycotina_cls_Incertae_sedis;o__Pezizomycotina_ord_Incertae_sedis;f__Pezizomycotina_fam_Incertae_sedis;g__Hymenula;s__Hymenula_cerealis;"
"315","Otu317",1,"k__Fungi;p__Ascomycota;c__Sordariomycetes;o__Hypocreomycetidae_ord_Incertae_sedis;f__Plectosphaerellaceae;g__Lectera;s__Lectera_longa;"
"316","Otu318",2,"k__Fungi;p__Basidiomycota;c__Microbotryomycetes;o__Sporidiobolales;unclassified;unclassified;unclassified;"
"317","Otu319",1,"k__Fungi;p__Ascomycota;c__Dothideomycetes;o__Capnodiales;f__Antennulariellaceae;g__Heteroconium;s__Heteroconium_triticicola;"
"318","Otu320",1,"k__Fungi;p__Ascomycota;c__Dothideomycetes;o__Pleosporales;f__Pleosporales_fam_Incertae_sedis;g__unclassified_Pleosporales_fam_Incertae_sedis;s__Pleosporales_fam_Incertae_sedis_sp;"
"319","Otu321",1,"k__Fungi;p__Ascomycota;c__Dothideomycetes;o__Capnodiales;f__Mycosphaerellaceae;g__Ramularia;unclassified;"
"320","Otu322",1,"k__Fungi;p__Ascomycota;c__Pezizomycetes;o__Pezizales;f__Pyronemataceae;g__Scutellinia;s__Scutellinia_sp;"
"321","Otu323",3,"k__Fungi;p__Ascomycota;c__Dothideomycetes;o__Capnodiales;f__Davidiellaceae;g__Cladosporium;s__Cladosporium_grevilleae;"
"322","Otu324",1,"k__Fungi;p__Basidiomycota;c__Agaricomycetes;o__Agaricales;f__Tricholomataceae;g__Arrhenia;s__Arrhenia_acerosa;"
"323","Otu325",1,"k__Fungi;p__Ascomycota;c__Orbiliomycetes;o__Orbiliales;f__Orbiliaceae;g__Dactylella;s__Dactylella_rhopalota;"
"324","Otu326",1,"k__Fungi;p__Basidiomycota;c__Agaricomycetes;o__Agaricales;f__Entolomataceae;g__Clitopilus;s__Clitopilus_passeckerianus;"
"325","Otu327",1,"k__Fungi;p__Ascomycota;c__Sordariomycetes;o__Diaporthales;f__Togniniaceae;g__unclassified_Togniniaceae;s__Togniniaceae_sp;"
"326","Otu328",1,"k__Fungi;p__Basidiomycota;c__Microbotryomycetes;o__Sporidiobolales;f__Sporidiobolales_fam_Incertae_sedis;g__Rhodotorula;s__Rhodotorula_sp;"
"327","Otu329",1,"k__Fungi;p__Basidiomycota;c__Agaricomycetes;o__Auriculariales;f__unclassified_Auriculariales;g__unclassified_Auriculariales;s__Auriculariales_sp;"
"328","Otu330",1,"k__Fungi;p__Ascomycota;c__Pezizomycotina_cls_Incertae_sedis;o__Pezizomycotina_ord_Incertae_sedis;f__Pezizomycotina_fam_Incertae_sedis;g__Variocladium;s__Variocladium_giganteum;"
"329","Otu331",1,"k__Fungi;p__Ascomycota;c__Leotiomycetes;o__Helotiales;f__Vibrisseaceae;g__Phialocephala;unclassified;"
"330","Otu332",1,"k__Fungi;p__Ascomycota;c__Sordariomycetes;o__Trichosphaeriales;f__Trichosphaeriales_fam_Incertae_sedis;g__unclassified_Trichosphaeriales_fam_Incertae_sedis;s__Trichosphaeriales_fam_Incertae_sedis_sp;"
"331","Otu333",1,"k__Fungi;p__Basidiomycota;c__Agaricomycetes;o__Thelephorales;f__Thelephoraceae;g__Tomentella;unclassified;"
"332","Otu334",1,"k__Fungi;p__Basidiomycota;c__Microbotryomycetes;o__Sporidiobolales;f__Sporidiobolales_fam_Incertae_sedis;g__Rhodotorula;s__Rhodotorula_ingeniosa;"
"333","Otu335",1,"k__Fungi;p__Ascomycota;c__Dothideomycetes;o__Pleosporales;f__Sporormiaceae;g__Preussia;s__Preussia_flanaganii;"
"334","Otu336",1,"k__Fungi;p__Ascomycota;c__Dothideomycetes;o__Pleosporales;f__Lophiostomataceae;unclassified;unclassified;"
"335","Otu337",1,"k__Fungi;p__Basidiomycota;c__Agaricomycetes;o__Polyporales;f__Ganodermataceae;unclassified;unclassified;"
"336","Otu338",1,"k__Fungi;p__Ascomycota;c__Dothideomycetes;o__Pleosporales;f__Tetraplosphaeriaceae;unclassified;unclassified;"
"337","Otu339",1,"k__Fungi;p__Ascomycota;c__Leotiomycetes;o__Rhytismatales;f__Rhytismataceae;g__Lophodermium;s__Lophodermium_piceae;"
"338","Otu340",1,"k__Fungi;p__Ascomycota;c__Sordariomycetes;o__Microascales;f__Halosphaeriaceae;g__Natantispora;s__Natantispora_unipolaris;"
"339","Otu341",1,"k__Fungi;p__Basidiomycota;c__Agaricomycetes;o__Agaricales;f__Entolomataceae;g__Entoloma;s__Entoloma_undatum;"
"340","Otu342",1,"k__Fungi;p__Ascomycota;c__Pezizomycotina_cls_Incertae_sedis;o__Pezizomycotina_ord_Incertae_sedis;f__Pezizomycotina_fam_Incertae_sedis;g__Phragmocephala;s__Phragmocephala_stemphylioides;"
"341","Otu343",1,"k__Fungi;p__Ascomycota;c__Sordariomycetes;o__Hypocreales;f__Hypocreales_fam_Incertae_sedis;g__Myrothecium;s__Myrothecium_sp;"
"342","Otu344",1,"k__Fungi;p__Ascomycota;c__Eurotiomycetes;o__Eurotiales;f__Trichocomaceae;unclassified;unclassified;"
"343","Otu345",1,"k__Fungi;p__Glomeromycota;c__Glomeromycetes;o__Glomerales;unclassified;unclassified;unclassified;"
"344","Otu346",1,"k__Fungi;p__Ascomycota;c__Sordariomycetes;o__Hypocreales;f__Hypocreaceae;g__Trichoderma;s__Trichoderma_phyllostachydis;"
"345","Otu347",2,"k__Fungi;p__Ascomycota;c__Dothideomycetes;o__Capnodiales;f__Mycosphaerellaceae;g__Septoria;s__Septoria_arundinacea;"
"346","Otu348",1,"k__Fungi;p__Ascomycota;c__Dothideomycetes;o__Pleosporales;f__Pleosporales_fam_Incertae_sedis;g__Dictyosporium;s__Dictyosporium_strelitziae;"
"347","Otu349",1,"k__Fungi;p__Basidiomycota;c__Agaricomycetes;o__Agaricales;f__Inocybaceae;g__Inocybe;unclassified;"
"348","Otu350",1,"k__Fungi;p__Ascomycota;c__Dothideomycetes;o__Dothideales;f__Dothioraceae;g__Aureobasidium;s__Aureobasidium_microstictum;"
"349","Otu351",1,"k__Fungi;p__Glomeromycota;c__Glomeromycetes;o__Glomerales;f__Claroideoglomeraceae;g__Claroideoglomus;s__Claroideoglomus_sp;"
"350","Otu352",1,"k__Fungi;p__Ascomycota;c__Pezizomycotina_cls_Incertae_sedis;o__Pezizomycotina_ord_Incertae_sedis;f__Pezizomycotina_fam_Incertae_sedis;g__Pleurophragmium;s__Pleurophragmium_sp;"
"351","Otu353",1,"k__Fungi;p__Basidiomycota;c__Tremellomycetes;o__Tremellales;f__Tremellales_fam_Incertae_sedis;g__Cryptococcus;s__Cryptococcus_podzolicus;"
"352","Otu354",1,"k__Fungi;p__Basidiomycota;c__Agaricomycetes;o__Corticiales;f__Corticiaceae;g__Laetisaria;s__Laetisaria_fuciformis;"
"353","Otu355",1,"k__Fungi;p__Ascomycota;c__Dothideomycetes;o__Pleosporales;f__Pleosporaceae;g__Curvularia;s__Curvularia_inaequalis;"
"354","Otu356",3,"k__Fungi;p__Basidiomycota;c__Agaricomycetes;o__Auriculariales;unclassified;unclassified;unclassified;"
"355","Otu357",1,"k__Fungi;p__Ascomycota;c__Sordariomycetes;o__Hypocreales;f__Hypocreales_fam_Incertae_sedis;g__Stachybotrys;s__Stachybotrys_microspora;"
"356","Otu358",1,"k__Fungi;p__Ascomycota;c__Dothideomycetes;o__Pleosporales;f__Massarinaceae;unclassified;unclassified;"
"357","Otu359",4,"k__Fungi;p__Ascomycota;c__Sordariomycetes;o__Sordariales;f__Lasiosphaeriaceae;g__Podospora;s__Podospora_sp;"
"358","Otu360",1,"k__Fungi;p__Basidiomycota;c__Agaricostilbomycetes;o__Agaricostilbales;f__Agaricostilbaceae;g__Sterigmatomyces;s__Sterigmatomyces_halophilus;"
"359","Otu361",1,"k__Fungi;p__Basidiomycota;c__Agaricomycetes;o__Trechisporales;f__Hydnodontaceae;g__Subulicystidium;s__Subulicystidium_perlongisporum;"
"360","Otu362",1,"k__Fungi;p__Ascomycota;c__Sordariomycetes;o__Sordariomycetes_ord_Incertae_sedis;f__Sordariomycetes_fam_Incertae_sedis;g__Myrmecridium;s__Myrmecridium_thailandicum;"
"361","Otu363",1,"k__Fungi;p__Ascomycota;c__Sordariomycetes;o__Diaporthales;f__Diaporthaceae;g__Diaporthe;s__Diaporthe_kochmanii;"
"362","Otu364",1,"k__Fungi;p__Ascomycota;c__Dothideomycetes;o__Pleosporales;f__Pleosporales_fam_Incertae_sedis;g__Pyrenochaeta;s__Pyrenochaeta_keratinophila;"
"363","Otu365",1,"k__Fungi;p__Ascomycota;c__Sordariomycetes;o__Microascales;f__Halosphaeriaceae;g__unclassified_Halosphaeriaceae;s__Halosphaeriaceae_sp;"
"364","Otu366",1,"k__Fungi;p__Ascomycota;c__Leotiomycetes;o__Helotiales;f__Helotiales_fam_Incertae_sedis;g__Cystodendron;s__Cystodendron_sp;"
"365","Otu367",1,"k__Fungi;p__Basidiomycota;c__Tremellomycetes;o__Tremellales;f__Tremellales_fam_Incertae_sedis;g__Dioszegia;s__Dioszegia_changbaiensis;"
"366","Otu368",1,"k__Fungi;p__Ascomycota;c__Pezizomycotina_cls_Incertae_sedis;o__Pezizomycotina_ord_Incertae_sedis;f__Pezizomycotina_fam_Incertae_sedis;g__Knufia;unclassified;"
"367","Otu369",1,"k__Fungi;p__Basidiomycota;c__Agaricomycetes;o__Cantharellales;f__Ceratobasidiaceae;g__Ceratorhiza;s__Ceratorhiza_hydrophila;"
"368","Otu370",1,"k__Fungi;p__Ascomycota;c__Dothideomycetes;o__Capnodiales;f__Antennulariellaceae;g__Heteroconium;s__Heteroconium_sp;"
"369","Otu371",1,"k__Fungi;p__Basidiomycota;c__Microbotryomycetes;o__Sporidiobolales;f__Sporidiobolales_fam_Incertae_sedis;g__Rhodotorula;s__Rhodotorula_mucilaginosa;"
"370","Otu372",1,"k__Fungi;p__Ascomycota;c__Eurotiomycetes;o__Eurotiales;f__Trichocomaceae;g__Penicillium;s__Penicillium_spinulosum;"
"371","Otu373",1,"k__Fungi;p__Ascomycota;c__Eurotiomycetes;o__Chaetothyriales;f__Herpotrichiellaceae;g__Exophiala;s__Exophiala_salmonis;"
"372","Otu374",1,"k__Fungi;p__Basidiomycota;c__Agaricostilbomycetes;o__Agaricostilbales;f__Chionosphaeraceae;g__unclassified_Chionosphaeraceae;s__Chionosphaeraceae_sp;"
"373","Otu375",1,"k__Fungi;p__Ascomycota;c__Dothideomycetes;o__Pleosporales;f__Pleosporales_fam_Incertae_sedis;g__Dictyosporium;s__Dictyosporium_toruloides;"
"374","Otu376",1,"k__Fungi;p__Ascomycota;c__Dothideomycetes;o__Jahnulales;f__Aliquandostipitaceae;g__Jahnula;s__Jahnula_aquatica;"
"375","Otu377",1,"k__Fungi;p__Ascomycota;c__Sordariomycetes;o__Sordariomycetidae_ord_Incertae_sedis;f__Glomerellaceae;g__Colletotrichum;s__Colletotrichum_verruculosum;"
"376","Otu378",1,"k__Fungi;p__Ascomycota;c__Pezizomycotina_cls_Incertae_sedis;o__Pezizomycotina_ord_Incertae_sedis;f__Pezizomycotina_fam_Incertae_sedis;g__Chalara;s__Chalara_holubovae;"
"377","Otu379",1,"k__Fungi;p__Basidiomycota;c__Agaricomycetes;o__Agaricales;f__Schizophyllaceae;g__Schizophyllum;s__Schizophyllum_commune;"
"378","Otu380",1,"k__Fungi;p__Ascomycota;c__Pezizomycotina_cls_Incertae_sedis;o__Pezizomycotina_ord_Incertae_sedis;f__Pezizomycotina_fam_Incertae_sedis;g__Dendroclathra;s__Dendroclathra_lignicola;"
"379","Otu381",1,"k__Fungi;p__Ascomycota;c__Eurotiomycetes;o__Chaetothyriales;f__Herpotrichiellaceae;g__Exophiala;s__Exophiala_equina;"
"380","Otu382",1,"k__Fungi;p__Ascomycota;c__Dothideomycetes;o__Pleosporales;f__Pleosporaceae;g__Chalastospora;unclassified;"
"381","Otu383",1,"k__Fungi;p__Ascomycota;c__Sordariomycetes;o__Lulworthiales;f__Lulworthiaceae;unclassified;unclassified;"
"382","Otu384",2,"k__Fungi;p__Ascomycota;c__Dothideomycetes;o__Dothideales;unclassified;unclassified;unclassified;"
"383","Otu385",1,"k__Fungi;p__Zygomycota;c__Mortierellomycotina_cls_Incertae_sedis;o__Mortierellales;f__Mortierellaceae;g__Mortierella;s__Mortierella_amoeboidea;"
"384","Otu386",1,"k__Fungi;p__Ascomycota;c__Dothideomycetes;o__Capnodiales;f__Capnodiales_fam_Incertae_sedis;g__unclassified_Capnodiales_fam_Incertae_sedis;s__Capnodiales_fam_Incertae_sedis_sp;"
"385","Otu387",1,"k__Fungi;p__Ascomycota;c__Saccharomycetes;o__Saccharomycetales;f__Pichiaceae;unclassified;unclassified;"
"386","Otu388",1,"k__Fungi;p__Ascomycota;c__Sordariomycetes;o__Xylariales;f__Amphisphaeriaceae;g__Adisciso;unclassified;"
"387","Otu389",1,"k__Fungi;p__Ascomycota;c__Dothideomycetes;o__Pleosporales;f__Montagnulaceae;g__unclassified_Montagnulaceae;s__Montagnulaceae_sp;"
"388","Otu390",1,"k__Fungi;p__Chytridiomycota;c__Chytridiomycetes;o__Chytridiales;f__Cladochytriaceae;g__Cladochytrium;s__Cladochytrium_replicatum;"
"389","Otu391",1,"k__Fungi;p__Basidiomycota;c__Tremellomycetes;o__Holtermanniales;f__Holtermanniales_fam_Incertae_sedis;g__Holtermanniella;s__Holtermanniella_takashimae;"
"390","Otu392",1,"k__Fungi;p__Ascomycota;c__Lecanoromycetes;o__Teloschistales;unclassified;unclassified;unclassified;"
"391","Otu393",1,"k__Fungi;p__Basidiomycota;c__Agaricomycetes;o__Auriculariales;f__Auriculariales_fam_Incertae_sedis;g__Exidia;s__Exidia_nucleata;"
"392","Otu394",5,"k__Fungi;p__Ascomycota;c__Sordariomycetes;o__Hypocreales;f__Cordycipitaceae;g__Lecanicillium;s__Lecanicillium_fusisporum;"
"393","Otu396",1,"k__Fungi;p__Basidiomycota;c__Microbotryomycetes;o__Leucosporidiales;f__Leucosporidiaceae;g__Leucosporidiella;s__Leucosporidiella_creatinivora;"
"394","Otu397",1,"k__Fungi;p__Ascomycota;c__Sordariomycetes;o__Hypocreales;f__Bionectriaceae;g__Hydropisphaera;s__Hydropisphaera_fungicola;"
"395","Otu398",1,"k__Fungi;p__Ascomycota;c__Sordariomycetes;o__Hypocreales;f__Ophiocordycipitaceae;g__Ophiocordyceps;s__Ophiocordyceps_arborescens;"
"396","Otu399",1,"k__Fungi;p__Ascomycota;c__Leotiomycetes;o__Helotiales;f__Helotiales_fam_Incertae_sedis;g__Tetracladium;s__Tetracladium_apiense;"
"397","Otu400",1,"k__Fungi;p__Basidiomycota;c__Agaricomycetes;o__Agaricales;f__Inocybaceae;g__Inocybe;s__Inocybe_sp;"
"398","Otu401",1,"k__Fungi;p__Ascomycota;c__Dothideomycetes;o__Pleosporales;f__Phaeosphaeriaceae;g__Stagonospora;s__Stagonospora_chrysopyla;"
"399","Otu402",1,"k__Fungi;p__Ascomycota;c__Sordariomycetes;o__Hypocreales;f__Clavicipitaceae;unclassified;unclassified;"
"400","Otu403",1,"k__Fungi;p__Basidiomycota;c__Agaricomycetes;o__Agaricales;f__Strophariaceae;g__Psilocybe;s__Psilocybe_inquilina;"
"401","Otu404",2,"k__Fungi;p__Ascomycota;c__Leotiomycetes;o__Helotiales;f__Helotiaceae;g__Varicosporium;s__Varicosporium_delicatum;"
"402","Otu405",1,"k__Fungi;p__Ascomycota;c__Sordariomycetes;o__Hypocreales;f__Nectriaceae;g__Cylindrocladiella;s__Cylindrocladiella_pseudoparva;"
"403","Otu406",1,"k__Fungi;p__Ascomycota;c__Sordariomycetes;o__Hypocreales;f__Nectriaceae;g__Cylindrocarpon;s__Cylindrocarpon_sp;"
"404","Otu407",1,"k__Fungi;p__Ascomycota;c__Pezizomycetes;o__Pezizales;f__Pyronemataceae;g__Scutellinia;s__Scutellinia_subhirtella;"
"405","Otu408",1,"k__Fungi;p__Ascomycota;c__Dothideomycetes;o__Capnodiales;f__Capnodiales_fam_Incertae_sedis;g__Rachicladosporium;s__Rachicladosporium_luculiae;"
"406","Otu409",1,"k__Fungi;p__Ascomycota;c__Pezizomycetes;o__Pezizales;f__Pezizales_fam_Incertae_sedis;g__Cephaliophora;s__Cephaliophora_tropica;"
"407","Otu410",1,"k__Fungi;p__Ascomycota;c__Eurotiomycetes;o__Chaetothyriales;f__Herpotrichiellaceae;g__Capronia;s__Capronia_pilosella;"
"408","Otu411",1,"k__Fungi;p__Basidiomycota;c__Agaricomycetes;o__Russulales;f__Stereaceae;g__Stereum;s__Stereum_sanguinolentum;"
"409","Otu412",1,"k__Fungi;p__Basidiomycota;c__Microbotryomycetes;o__Sporidiobolales;f__Sporidiobolales_fam_Incertae_sedis;g__Sporobolomyces;s__Sporobolomyces_roseus;"
"410","Otu413",1,"k__Fungi;p__Ascomycota;c__Sordariomycetes;o__Hypocreales;f__Bionectriaceae;g__unclassified_Bionectriaceae;s__Bionectriaceae_sp;"
"411","Otu414",1,"k__Fungi;p__Ascomycota;c__Dothideomycetes;o__Pleosporales;f__Pleosporales_fam_Incertae_sedis;g__Phoma;s__Phoma_tropica;"
"412","Otu415",1,"k__Fungi;p__Basidiomycota;c__Microbotryomycetes;o__Sporidiobolales;f__Sporidiobolales_fam_Incertae_sedis;g__Sporobolomyces;s__Sporobolomyces_symmetricus;"
"413","Otu416",1,"k__Fungi;p__Ascomycota;c__Dothideomycetes;o__Pleosporales;f__Leptosphaeriaceae;g__unclassified_Leptosphaeriaceae;s__Leptosphaeriaceae_sp;"
"414","Otu417",1,"k__Fungi;p__Ascomycota;c__Sordariomycetes;o__Hypocreales;f__Hypocreales_fam_Incertae_sedis;g__Stachybotrys;s__Stachybotrys_elegans;"
"415","Otu418",1,"k__Fungi;p__Ascomycota;c__Leotiomycetes;o__Leotiomycetes_ord_Incertae_sedis;f__Leotiomycetes_fam_Incertae_sedis;g__Leohumicola;s__Leohumicola_minima;"
"416","Otu419",1,"k__Fungi;p__Ascomycota;c__Dothideomycetes;o__Pleosporales;f__Phaeosphaeriaceae;g__Stagonospora;s__Stagonospora_perfecta;"
"417","Otu420",1,"k__Fungi;p__Basidiomycota;c__Agaricomycetes;o__Sebacinales;f__Sebacinales_Group_B;g__unclassified_Sebacinales_Group_B;s__Sebacinales_Group_B_sp;"
"418","Otu421",1,"k__Fungi;p__Ascomycota;c__Dothideomycetes;o__Pleosporales;f__Pleosporales_fam_Incertae_sedis;g__Periconia;s__Periconia_digitata;"
"419","Otu422",1,"k__Fungi;p__Ascomycota;c__Dothideomycetes;o__Pleosporales;f__Leptosphaeriaceae;g__Subplenodomus;s__Subplenodomus_apiicola;"
"420","Otu423",1,"k__Fungi;p__Basidiomycota;c__Tremellomycetes;o__Filobasidiales;unclassified;unclassified;unclassified;"
"421","Otu424",1,"k__Fungi;p__Basidiomycota;c__Ustilaginomycotina_cls_Incertae_sedis;o__Malasseziales;f__Malasseziaceae;g__Malassezia;s__Malassezia_restricta;"
"422","Otu425",2,"k__Fungi;p__Ascomycota;c__Sordariomycetes;o__Hypocreales;f__Hypocreaceae;g__Trichoderma;s__Trichoderma_fomiticola;"
"423","Otu426",1,"k__Fungi;p__Basidiomycota;c__Cystobasidiomycetes;o__Cystobasidiomycetes_ord_Incertae_sedis;f__Cystobasidiomycetes_fam_Incertae_sedis;g__Sakaguchia;unclassified;"
"424","Otu427",1,"k__Fungi;p__Ascomycota;c__Pezizomycetes;o__Pezizales;f__Pezizaceae;g__Peziza;s__Peziza_ampliata;"
"425","Otu428",1,"k__Fungi;p__Chytridiomycota;c__Chytridiomycetes;o__Chytridiales;f__Cladochytriaceae;g__Nowakowskiella;s__Nowakowskiella_elegans;"
"426","Otu429",1,"k__Fungi;p__Ascomycota;c__Eurotiomycetes;o__Chaetothyriales;f__Herpotrichiellaceae;g__Cladophialophora;s__Cladophialophora_pucciniophila;"
"427","Otu430",1,"k__Fungi;p__Ascomycota;c__Leotiomycetes;o__Helotiales;f__Dermateaceae;g__Pezicula;unclassified;"
"428","Otu431",1,"k__Fungi;p__Glomeromycota;c__Glomeromycetes;o__Glomerales;f__Claroideoglomeraceae;unclassified;unclassified;"
"429","Otu432",1,"k__Fungi;p__Ascomycota;c__Leotiomycetes;o__Helotiales;f__Helotiales_fam_Incertae_sedis;g__Tetracladium;s__Tetracladium_furcatum;"
"430","Otu433",1,"k__Fungi;p__Ascomycota;c__Sordariomycetes;o__Hypocreales;f__Bionectriaceae;g__Stromatonectria;s__Stromatonectria_sp;"
"431","Otu434",1,"k__Fungi;p__Ascomycota;c__Sordariomycetes;o__Hypocreales;f__Hypocreales_fam_Incertae_sedis;g__Ilyonectria;s__Ilyonectria_destructans;"
"432","Otu435",1,"k__Fungi;p__Ascomycota;c__Sordariomycetes;o__Hypocreales;f__Cordycipitaceae;g__Lecanicillium;unclassified;"
"433","Otu436",1,"k__Fungi;p__Ascomycota;c__Eurotiomycetes;o__Eurotiales;f__Trichocomaceae;g__Penicillium;s__Penicillium_oxalicum;"
"434","Otu437",1,"k__Fungi;p__Basidiomycota;c__Agaricomycetes;o__Trechisporales;f__Hydnodontaceae;g__Trechispora;s__Trechispora_cyatheae;"
"435","Otu438",1,"k__Fungi;p__Ascomycota;c__Sordariomycetes;o__Sordariomycetidae_ord_Incertae_sedis;f__Reticulascaceae;g__Reticulascus;s__Reticulascus_tulasneorum;"
"436","Otu439",1,"k__Fungi;p__Basidiomycota;c__Agaricomycetes;o__Agaricales;f__Psathyrellaceae;g__Coprinellus;s__Coprinellus_sp;"
